,zipcode,1st Most Common Venue,2nd Most Common Venue,3rd Most Common Venue,4th Most Common Venue,5th Most Common Venue,6th Most Common Venue,7th Most Common Venue,8th Most Common Venue,9th Most Common Venue,10th Most Common Venue
0,80002,Park,Other Repair Shop,Construction & Landscaping,Yoga Studio,Fast Food Restaurant,Financial or Legal Service,Flea Market,Flower Shop,Food,Food Court
1,80003,Sporting Goods Shop,Sandwich Place,Farm,Fried Chicken Joint,French Restaurant,Forest,Football Stadium,Food Truck,Food Service,Food Court
2,80004,Public Art,Convenience Store,Yoga Studio,Farm,French Restaurant,Forest,Football Stadium,Food Truck,Food Service,Food Court
3,80007,Construction & Landscaping,Yoga Studio,Farm,Fried Chicken Joint,French Restaurant,Forest,Football Stadium,Food Truck,Food Service,Food Court
4,80010,Mexican Restaurant,Fast Food Restaurant,Pizza Place,Convenience Store,Food Truck,Marijuana Dispensary,Coffee Shop,Park,Fried Chicken Joint,Cosmetics Shop
5,80011,Fast Food Restaurant,Mexican Restaurant,Pharmacy,Coffee Shop,Breakfast Spot,Fried Chicken Joint,Flower Shop,Music Venue,Luggage Store,Chinese Restaurant
6,80012,Pizza Place,Convenience Store,Furniture / Home Store,Mexican Restaurant,Fast Food Restaurant,Moroccan Restaurant,Restaurant,Chinese Restaurant,Breakfast Spot,Donut Shop
7,80013,Smoke Shop,Park,Yoga Studio,Farm,French Restaurant,Forest,Football Stadium,Food Truck,Food Service,Food Court
8,80014,Golf Course,Business Service,Advertising Agency,American Restaurant,Coffee Shop,Gym / Fitness Center,Food Service,Flea Market,Flower Shop,Food
9,80015,Bar,Park,Baseball Field,American Restaurant,Financial or Legal Service,Flea Market,Flower Shop,Food,Food Court,Yoga Studio
10,80016,Pizza Place,American Restaurant,Gym,Health & Beauty Service,Insurance Office,Discount Store,Diner,French Restaurant,Forest,Football Stadium
11,80017,Shopping Mall,Dessert Shop,Asian Restaurant,Mexican Restaurant,Shipping Store,Liquor Store,Sandwich Place,Salon / Barbershop,Grocery Store,Park
12,80018,Convenience Store,Yoga Studio,Farm,Fried Chicken Joint,French Restaurant,Forest,Football Stadium,Food Truck,Food Service,Food Court
13,80020,Park,Department Store,Burrito Place,Liquor Store,Fast Food Restaurant,Fried Chicken Joint,French Restaurant,Forest,Football Stadium,Food Truck
14,80021,Bank,Pizza Place,Burrito Place,Fast Food Restaurant,Furniture / Home Store,Home Service,Sandwich Place,Convenience Store,Mexican Restaurant,Shipping Store
15,80022,Mexican Restaurant,Bar,Yoga Studio,Furniture / Home Store,Fried Chicken Joint,French Restaurant,Forest,Football Stadium,Food Truck,Food Service
16,80026,Brewery,Salon / Barbershop,Pizza Place,Convenience Store,Coffee Shop,Mediterranean Restaurant,BBQ Joint,Soccer Field,Gas Station,Fast Food Restaurant
17,80027,Bagel Shop,Park,Food,Farm,Fried Chicken Joint,French Restaurant,Forest,Football Stadium,Food Truck,Food Service
18,80030,Deli / Bodega,Convenience Store,Mexican Restaurant,Donut Shop,Food Service,Financial or Legal Service,Flea Market,Flower Shop,Food,Food Court
19,80031,Golf Course,Soccer Stadium,Convenience Store,Comedy Club,Yoga Studio,Food,Fast Food Restaurant,Financial or Legal Service,Flea Market,Flower Shop
20,80033,Pool,Home Service,Garden Center,Italian Restaurant,Café,Gym,Bakery,Alternative Healer,Dive Bar,Fast Food Restaurant
21,80045,Coffee Shop,Indian Restaurant,Gym / Fitness Center,Sandwich Place,Café,Brewery,Pharmacy,American Restaurant,Eye Doctor,Football Stadium
22,80104,Football Stadium,Trail,Yoga Studio,Farm,Fried Chicken Joint,French Restaurant,Forest,Food Truck,Food Service,Food Court
23,80109,Playground,Multiplex,Park,Eye Doctor,Forest,Football Stadium,Food Truck,Food Service,Food Court,Food
24,80110,Mexican Restaurant,Chinese Restaurant,Baseball Field,Restaurant,Pet Store,Pizza Place,Smoke Shop,Convenience Store,Video Game Store,Japanese Restaurant
25,80111,Park,Tennis Court,Playground,Pilates Studio,French Restaurant,Forest,Football Stadium,Food Truck,Food Service,Farm
26,80112,Deli / Bodega,BBQ Joint,Hotel,Train Station,Convenience Store,Breakfast Spot,Pharmacy,Liquor Store,Bank,Mexican Restaurant
27,80120,Business Service,Electronics Store,Yoga Studio,Farmers Market,Fried Chicken Joint,French Restaurant,Forest,Football Stadium,Food Truck,Food Service
28,80121,Bakery,Clothing Store,Spa,Pizza Place,Coffee Shop,Seafood Restaurant,Shipping Store,Shopping Mall,Mobile Phone Shop,Breakfast Spot
29,80122,Pizza Place,Sandwich Place,Snack Place,Bar,Taco Place,Gift Shop,Liquor Store,Sports Bar,Gas Station,Mediterranean Restaurant
30,80123,Pool,Art Gallery,Golf Course,Business Service,Farmers Market,French Restaurant,Forest,Football Stadium,Food Truck,Food Service
31,80124,Dry Cleaner,Yoga Studio,Farmers Market,Frozen Yogurt Shop,Fried Chicken Joint,French Restaurant,Forest,Football Stadium,Food Truck,Food Service
32,80126,Park,Yoga Studio,Farm,Fried Chicken Joint,French Restaurant,Forest,Football Stadium,Food Truck,Food Service,Food Court
33,80127,Fast Food Restaurant,Skating Rink,Construction & Landscaping,Home Service,Yoga Studio,Food,Financial or Legal Service,Flea Market,Flower Shop,Food Service
34,80129,Gym,Pool,Thrift / Vintage Store,Liquor Store,Mexican Restaurant,Food,Fast Food Restaurant,Financial or Legal Service,Flea Market,Flower Shop
35,80130,Playground,Construction & Landscaping,Golf Driving Range,Golf Course,Dog Run,Park,Soccer Field,Food Service,Food Court,Food
36,80132,Coffee Shop,Pizza Place,Sandwich Place,Sushi Restaurant,Mexican Restaurant,Shipping Store,Fast Food Restaurant,Salon / Barbershop,Chinese Restaurant,Grocery Store
37,80133,Home Service,Yoga Studio,Farm,Fried Chicken Joint,French Restaurant,Forest,Football Stadium,Food Truck,Food Service,Food Court
38,80134,Construction & Landscaping,Yoga Studio,Farm,Fried Chicken Joint,French Restaurant,Forest,Football Stadium,Food Truck,Food Service,Food Court
39,80202,American Restaurant,Hotel,Mexican Restaurant,Steakhouse,Cocktail Bar,Italian Restaurant,Coffee Shop,Seafood Restaurant,Bar,Pizza Place
40,80203,Nightclub,Coffee Shop,Pizza Place,Bar,Sandwich Place,Italian Restaurant,Mexican Restaurant,Convenience Store,Wine Bar,Taco Place
41,80204,Gym / Fitness Center,Light Rail Station,Herbs & Spices Store,Spa,Ski Shop,Mexican Restaurant,Food Truck,Taco Place,Baseball Field,Gym
42,80205,Park,Bar,Dog Run,Yoga Studio,Financial or Legal Service,Flea Market,Flower Shop,Food,Food Court,Food Service
43,80206,Botanical Garden,Coffee Shop,Pool,American Restaurant,Health & Beauty Service,Park,Tennis Court,Fast Food Restaurant,Financial or Legal Service,Flea Market
44,80207,Rock Club,Yoga Studio,Eye Doctor,French Restaurant,Forest,Football Stadium,Food Truck,Food Service,Food Court,Food
45,80209,Park,Pizza Place,Health & Beauty Service,Flower Shop,Yoga Studio,Fast Food Restaurant,Financial or Legal Service,Flea Market,Food,Food Court
46,80210,Coffee Shop,Breakfast Spot,Sandwich Place,Pizza Place,Dessert Shop,Bike Rental / Bike Share,Japanese Restaurant,Café,Mediterranean Restaurant,Mexican Restaurant
47,80211,Marijuana Dispensary,Mexican Restaurant,Convenience Store,Liquor Store,Bed & Breakfast,Event Space,Gym / Fitness Center,Ski Area,Chinese Restaurant,Diner
48,80212,American Restaurant,Coffee Shop,Grocery Store,Music Venue,Sushi Restaurant,Japanese Restaurant,Pizza Place,Breakfast Spot,Bar,Brewery
49,80214,Marijuana Dispensary,Park,Grocery Store,Skate Park,Mexican Restaurant,Food,Financial or Legal Service,Flea Market,Flower Shop,Yoga Studio
50,80215,Theater,Astrologer,Storage Facility,Flower Shop,Sandwich Place,Bar,Theme Park Ride / Attraction,Thrift / Vintage Store,Miscellaneous Shop,American Restaurant
51,80216,Farm,Marijuana Dispensary,Paper / Office Supplies Store,Business Service,Basketball Court,Construction & Landscaping,Pharmacy,Intersection,Alternative Healer,Dog Run
52,80218,Park,Liquor Store,Coffee Shop,Pizza Place,Bar,Grocery Store,Bike Rental / Bike Share,Track,Sandwich Place,Asian Restaurant
53,80219,Park,Locksmith,Yoga Studio,Farmers Market,Fried Chicken Joint,French Restaurant,Forest,Football Stadium,Food Truck,Food Service
54,80220,Grocery Store,Coffee Shop,Mexican Restaurant,Liquor Store,Massage Studio,Cocktail Bar,Restaurant,Other Repair Shop,Convenience Store,Chinese Restaurant
55,80221,Café,Brewery,Baseball Field,Yoga Studio,Furniture / Home Store,Fried Chicken Joint,French Restaurant,Forest,Football Stadium,Food Truck
56,80222,Train Station,Construction & Landscaping,Video Store,Home Service,Coffee Shop,Yoga Studio,Fast Food Restaurant,Financial or Legal Service,Flea Market,Flower Shop
57,80223,Marijuana Dispensary,Discount Store,Park,Clothing Store,Liquor Store,Construction & Landscaping,Carpet Store,Sports Bar,Brewery,Food Truck
58,80224,Park,Pool,Eye Doctor,French Restaurant,Forest,Football Stadium,Food Truck,Food Service,Food Court,Food
59,80226,Bank,Café,Clothing Store,Grocery Store,Financial or Legal Service,Flea Market,Flower Shop,Food,Yoga Studio,Fast Food Restaurant
60,80227,Convenience Store,Trail,Video Store,Yoga Studio,Food Court,Fast Food Restaurant,Financial or Legal Service,Flea Market,Flower Shop,Food
61,80228,Baseball Field,Gym,Yoga Studio,Furniture / Home Store,Fried Chicken Joint,French Restaurant,Forest,Football Stadium,Food Truck,Food Service
62,80229,Pizza Place,Convenience Store,Athletics & Sports,Farmers Market,Liquor Store,Football Stadium,Forest,Food Truck,French Restaurant,Food Court
63,80230,Boutique,Italian Restaurant,Beer Garden,Health & Beauty Service,Optical Shop,Theater,History Museum,Gastropub,Taco Place,Coffee Shop
64,80231,Grocery Store,Tourist Information Center,Medical Center,Electronics Store,Food,Thai Restaurant,Restaurant,Yoga Studio,Flea Market,Fast Food Restaurant
65,80232,Playground,Airport Service,Gym,Farm,French Restaurant,Forest,Football Stadium,Food Truck,Food Service,Food Court
66,80233,Tailor Shop,Business Service,Yoga Studio,Furniture / Home Store,Fried Chicken Joint,French Restaurant,Forest,Football Stadium,Food Truck,Food Service
67,80234,Office,Home Service,Event Space,Yoga Studio,French Restaurant,Forest,Football Stadium,Food Truck,Food Service,Food Court
68,80235,Hotel,Motel,American Restaurant,Mexican Restaurant,Fast Food Restaurant,Yoga Studio,Food Service,Flea Market,Flower Shop,Food
69,80236,Moving Target,Park,Baseball Stadium,Yoga Studio,Fast Food Restaurant,Fried Chicken Joint,French Restaurant,Forest,Football Stadium,Food Truck
70,80237,Garden,Recording Studio,Food,Financial or Legal Service,Bar,Farmers Market,Fried Chicken Joint,French Restaurant,Forest,Football Stadium
71,80239,Food,Lawyer,Baseball Field,Construction & Landscaping,Yoga Studio,Food Court,Financial or Legal Service,Flea Market,Flower Shop,Food Service
72,80241,Park,Other Repair Shop,Lake,Yoga Studio,Fast Food Restaurant,Financial or Legal Service,Flea Market,Flower Shop,Food,Farm
73,80246,Park,Pet Store,Thrift / Vintage Store,Mexican Restaurant,Deli / Bodega,Spa,Marijuana Dispensary,Event Service,Liquor Store,Strip Club
74,80247,Construction & Landscaping,Bus Stop,Trail,Yoga Studio,Fast Food Restaurant,Financial or Legal Service,Flea Market,Flower Shop,Food,Food Court
75,80249,Park,Athletics & Sports,Yoga Studio,Fast Food Restaurant,Financial or Legal Service,Flea Market,Flower Shop,Food,Food Court,Farm
76,80260,Smoke Shop,Mexican Restaurant,Home Service,Construction & Landscaping,Park,Food Court,Fast Food Restaurant,Financial or Legal Service,Flea Market,Flower Shop
77,80302,Trail,Scenic Lookout,Doctor's Office,Yoga Studio,Food,Fast Food Restaurant,Financial or Legal Service,Flea Market,Flower Shop,Food Court
78,80303,Playground,Sandwich Place,Health & Beauty Service,Bus Station,Liquor Store,Flea Market,Farmers Market,Fast Food Restaurant,Financial or Legal Service,Food
79,80304,Park,Food Service,Baseball Field,Bus Stop,Playground,Football Stadium,Food Truck,Forest,Farmers Market,French Restaurant
80,80305,Pizza Place,Coffee Shop,Ice Cream Shop,Athletics & Sports,Pharmacy,Café,Shopping Mall,Grocery Store,Breakfast Spot,American Restaurant
81,80401,Mexican Restaurant,Pizza Place,Coffee Shop,Playground,Athletics & Sports,Sporting Goods Shop,Fast Food Restaurant,Grocery Store,Baseball Field,Bank
82,80420,Garden Center,Farmers Market,Frozen Yogurt Shop,Fried Chicken Joint,French Restaurant,Forest,Football Stadium,Food Truck,Food Service,Food Court
83,80421,Bakery,Yoga Studio,Garden,Frozen Yogurt Shop,Fried Chicken Joint,French Restaurant,Forest,Football Stadium,Food Truck,Food Service
84,80424,Park,Speakeasy,Mountain,Dog Run,Farmers Market,French Restaurant,Forest,Football Stadium,Food Truck,Food Service
85,80433,Optical Shop,Tree,Yoga Studio,Food,Fast Food Restaurant,Financial or Legal Service,Flea Market,Flower Shop,Food Court,Farm
86,80435,Resort,Convenience Store,Ski Area,Mountain,Trail,Food,Fast Food Restaurant,Financial or Legal Service,Flea Market,Flower Shop
87,80438,Business Service,Yoga Studio,Farmers Market,Fried Chicken Joint,French Restaurant,Forest,Football Stadium,Food Truck,Food Service,Food Court
88,80440,Restaurant,Gift Shop,History Museum,Bed & Breakfast,Bar,Whisky Bar,Football Stadium,Food Truck,Food Service,Food Court
89,80442,Forest,Resort,Yoga Studio,Eye Doctor,French Restaurant,Football Stadium,Food Truck,Food Service,Food Court,Food
90,80444,Marijuana Dispensary,Bar,Train Station,Coffee Shop,Yoga Studio,Flea Market,Flower Shop,Food,Food Court,Fast Food Restaurant
91,80446,Campground,Yoga Studio,Farmers Market,Fried Chicken Joint,French Restaurant,Forest,Football Stadium,Food Truck,Food Service,Food Court
92,80448,Campground,Yoga Studio,Farmers Market,Fried Chicken Joint,French Restaurant,Forest,Football Stadium,Food Truck,Food Service,Food Court
93,80454,Bar,Yoga Studio,Garden,Frozen Yogurt Shop,Fried Chicken Joint,French Restaurant,Forest,Football Stadium,Food Truck,Food Service
94,80461,Construction & Landscaping,Video Store,Yoga Studio,Food Court,Fast Food Restaurant,Financial or Legal Service,Flea Market,Flower Shop,Food,Food Truck
95,80465,Golf Course,Yoga Studio,Farmers Market,Fried Chicken Joint,French Restaurant,Forest,Football Stadium,Food Truck,Food Service,Food Court
96,80466,Coffee Shop,Indian Restaurant,Convenience Store,Supermarket,Thai Restaurant,Bakery,Restaurant,Jewelry Store,Brewery,Plaza
97,80483,Hotel,American Restaurant,Trail,Café,Yoga Studio,Food,Fast Food Restaurant,Financial or Legal Service,Flea Market,Flower Shop
98,80487,Campground,Bowling Alley,Breakfast Spot,Auto Workshop,Food Service,Flea Market,Flower Shop,Food,Food Court,Yoga Studio
99,80501,Convenience Store,American Restaurant,Coffee Shop,Pizza Place,Brewery,Smoke Shop,Skating Rink,Cajun / Creole Restaurant,Sandwich Place,Chinese Restaurant
100,80503,Gym / Fitness Center,Yoga Studio,Farmers Market,Fried Chicken Joint,French Restaurant,Forest,Football Stadium,Food Truck,Food Service,Food Court
101,80504,Gun Range,Gym,Gym / Fitness Center,Yoga Studio,Frozen Yogurt Shop,French Restaurant,Forest,Football Stadium,Food Truck,Food Service
102,80510,Garden Center,Farmers Market,Frozen Yogurt Shop,Fried Chicken Joint,French Restaurant,Forest,Football Stadium,Food Truck,Food Service,Food Court
103,80513,Home Service,History Museum,Food Court,Fast Food Restaurant,Financial or Legal Service,Flea Market,Flower Shop,Food,Yoga Studio,Farm
104,80514,Thai Restaurant,Breakfast Spot,Burger Joint,Optical Shop,Other Repair Shop,Yoga Studio,Flower Shop,Financial or Legal Service,Flea Market,Food Court
105,80517,Scenic Lookout,Yoga Studio,Eye Doctor,French Restaurant,Forest,Football Stadium,Food Truck,Food Service,Food Court,Food
106,80521,Baseball Field,Mexican Restaurant,Golf Course,Hobby Shop,Park,Pizza Place,Pool,Football Stadium,Food Truck,Food Service
107,80524,Farm,Lake,Yoga Studio,Fried Chicken Joint,French Restaurant,Forest,Football Stadium,Food Truck,Food Service,Food Court
108,80525,Soup Place,Yoga Studio,Farm,French Restaurant,Forest,Football Stadium,Food Truck,Food Service,Food Court,Food
109,80526,Music Venue,Breakfast Spot,Cosmetics Shop,Construction & Landscaping,Yoga Studio,Financial or Legal Service,Flea Market,Flower Shop,Food,Food Court
110,80528,Pool,Farm,Fried Chicken Joint,French Restaurant,Forest,Football Stadium,Food Truck,Food Service,Food Court,Food
111,80530,Clothing Store,Yoga Studio,Farm,Fried Chicken Joint,French Restaurant,Forest,Football Stadium,Food Truck,Food Service,Food Court
112,80534,Business Service,Coffee Shop,Furniture / Home Store,Yoga Studio,Fast Food Restaurant,Fried Chicken Joint,French Restaurant,Forest,Football Stadium,Food Truck
113,80537,Pizza Place,American Restaurant,Liquor Store,Athletics & Sports,Construction & Landscaping,Wings Joint,Shipping Store,Football Stadium,Forest,Food Truck
114,80538,Construction & Landscaping,Rock Climbing Spot,Yoga Studio,Farm,French Restaurant,Forest,Football Stadium,Food Truck,Food Service,Food Court
115,80542,BBQ Joint,Locksmith,Athletics & Sports,Yoga Studio,Food Court,Flea Market,Flower Shop,Food,Food Service,Fast Food Restaurant
116,80543,Ice Cream Shop,Breakfast Spot,Convenience Store,Diner,Hotel,Farm,French Restaurant,Forest,Football Stadium,Food Truck
117,80545,Construction & Landscaping,Yoga Studio,Farm,Fried Chicken Joint,French Restaurant,Forest,Football Stadium,Food Truck,Food Service,Food Court
118,80547,Accessories Store,Brewery,Construction & Landscaping,Home Service,French Restaurant,Forest,Fried Chicken Joint,Football Stadium,Farmers Market,Food Truck
119,80550,Playground,American Restaurant,Pet Store,Outdoor Supply Store,Liquor Store,Coffee Shop,Lake,Hawaiian Restaurant,Convenience Store,Beach
120,80601,Fast Food Restaurant,Hotel,Salon / Barbershop,Asian Restaurant,Mexican Restaurant,Big Box Store,Chinese Restaurant,Sandwich Place,Gym / Fitness Center,Rental Car Location
121,80602,Mobile Phone Shop,Tree,Food Court,Fast Food Restaurant,Financial or Legal Service,Flea Market,Flower Shop,Food,Yoga Studio,Farmers Market
122,80603,Gun Shop,Yoga Studio,Farmers Market,Fried Chicken Joint,French Restaurant,Forest,Football Stadium,Food Truck,Food Service,Food Court
123,80615,Chinese Restaurant,American Restaurant,Antique Shop,Food Service,Fast Food Restaurant,Financial or Legal Service,Flea Market,Flower Shop,Food,Food Court
124,80620,Martial Arts Dojo,Yoga Studio,Farmers Market,Fried Chicken Joint,French Restaurant,Forest,Football Stadium,Food Truck,Food Service,Food Court
125,80621,Construction & Landscaping,Other Repair Shop,Yoga Studio,Farm,French Restaurant,Forest,Football Stadium,Food Truck,Food Service,Food Court
126,80623,Pizza Place,Martial Arts Dojo,Yoga Studio,Farmers Market,Fried Chicken Joint,French Restaurant,Forest,Football Stadium,Food Truck,Food Service
127,80631,Bar,Coffee Shop,Pharmacy,Café,Mexican Restaurant,Burger Joint,Brewery,Sandwich Place,Flower Shop,Bank
128,80634,Bank,Doctor's Office,Convenience Store,Construction & Landscaping,Flower Shop,Liquor Store,Other Repair Shop,Food,Fast Food Restaurant,Financial or Legal Service
129,80640,Fast Food Restaurant,Restaurant,Intersection,Sandwich Place,Convenience Store,Coffee Shop,Yoga Studio,Farmers Market,Financial or Legal Service,Flea Market
130,80734,Mobile Phone Shop,Food,Flower Shop,Auto Workshop,Gym,Farmers Market,Fried Chicken Joint,French Restaurant,Forest,Football Stadium
131,80747,Restaurant,Bar,Yoga Studio,Farmers Market,Fried Chicken Joint,French Restaurant,Forest,Football Stadium,Food Truck,Food Service
132,80751,Park,Gym,Yoga Studio,Farm,French Restaurant,Forest,Football Stadium,Food Truck,Food Service,Food Court
133,80809,Athletics & Sports,Yoga Studio,Farmers Market,Frozen Yogurt Shop,Fried Chicken Joint,French Restaurant,Forest,Football Stadium,Food Truck,Food Service
134,80825,Bank,Grocery Store,History Museum,Food,Fast Food Restaurant,Financial or Legal Service,Flea Market,Flower Shop,Yoga Studio,Farmers Market
135,80828,Restaurant,Hotel,Stadium,Yoga Studio,Fast Food Restaurant,Financial or Legal Service,Flea Market,Flower Shop,Food,Food Service
136,80829,Trail,Deli / Bodega,Train,Food,Fast Food Restaurant,Financial or Legal Service,Flea Market,Flower Shop,Food Court,Farm
137,80863,Office,RV Park,Fast Food Restaurant,Tapas Restaurant,Pizza Place,Indie Movie Theater,Discount Store,Diner,Forest,Football Stadium
138,80902,Department Store,Pet Store,Organic Grocery,Gym / Fitness Center,Distillery,Discount Store,French Restaurant,Forest,Football Stadium,Food Truck
139,80903,Coffee Shop,Fast Food Restaurant,Gym,Hotel,Taco Place,Performing Arts Venue,Smoke Shop,Bus Station,Food,Eye Doctor
140,80904,Gift Shop,Italian Restaurant,Pizza Place,American Restaurant,Boutique,Café,Greek Restaurant,Liquor Store,Sports Bar,Mexican Restaurant
141,80905,Convenience Store,Discount Store,Coffee Shop,Bookstore,Massage Studio,Taco Place,Liquor Store,Thai Restaurant,Breakfast Spot,Donut Shop
142,80906,Mexican Restaurant,Gym / Fitness Center,Seafood Restaurant,Sports Bar,Bar,Thai Restaurant,Pizza Place,Intersection,Hockey Arena,Eye Doctor
143,80907,Fast Food Restaurant,Coffee Shop,Bar,Pizza Place,Sandwich Place,Bakery,Brewery,Food Truck,Gas Station,Shopping Plaza
144,80908,Home Service,Construction & Landscaping,Food Service,Fast Food Restaurant,Financial or Legal Service,Flea Market,Flower Shop,Food,Food Court,Yoga Studio
145,80909,Liquor Store,Athletics & Sports,Ice Cream Shop,Smoke Shop,Flea Market,Home Service,Bar,Coffee Shop,Fast Food Restaurant,Financial or Legal Service
146,80910,Mobile Phone Shop,Intersection,Farmers Market,Frozen Yogurt Shop,Fried Chicken Joint,French Restaurant,Forest,Football Stadium,Food Truck,Food Service
147,80915,Golf Course,Food,Yoga Studio,Farmers Market,Fried Chicken Joint,French Restaurant,Forest,Football Stadium,Food Truck,Food Service
148,80916,Hotel,Convenience Store,Korean Restaurant,American Restaurant,Yoga Studio,Food Court,Financial or Legal Service,Flea Market,Flower Shop,Food
149,80917,Park,Bar,Pizza Place,Locksmith,Liquor Store,Construction & Landscaping,Convenience Store,Chinese Restaurant,Dog Run,Doctor's Office
150,80918,Intersection,Park,Yoga Studio,Food Court,Fast Food Restaurant,Financial or Legal Service,Flea Market,Flower Shop,Food,Food Service
151,80919,Trail,Yoga Studio,Farm,Fried Chicken Joint,French Restaurant,Forest,Football Stadium,Food Truck,Food Service,Food Court
152,80920,Park,Coffee Shop,Yoga Studio,Farm,French Restaurant,Forest,Football Stadium,Food Truck,Food Service,Food Court
153,80922,Intersection,Park,Yoga Studio,Food Court,Fast Food Restaurant,Financial or Legal Service,Flea Market,Flower Shop,Food,Food Service
154,81001,Fast Food Restaurant,Discount Store,Convenience Store,Video Store,Food Service,Financial or Legal Service,Flea Market,Flower Shop,Food,Food Court
155,81003,BBQ Joint,Pet Store,Convenience Store,Yoga Studio,Food Court,Financial or Legal Service,Flea Market,Flower Shop,Food,Food Truck
156,81005,Chinese Restaurant,Gas Station,Video Game Store,Coffee Shop,Yoga Studio,Food,Fast Food Restaurant,Financial or Legal Service,Flea Market,Flower Shop
157,81006,Home Service,BBQ Joint,Grocery Store,Café,Food Court,Flea Market,Flower Shop,Food,Yoga Studio,Fast Food Restaurant
158,81007,Fast Food Restaurant,Sandwich Place,Chinese Restaurant,Pizza Place,Hotel,Automotive Shop,Big Box Store,Flower Shop,Farmers Market,Financial or Legal Service
159,81030,Women's Store,Nightlife Spot,Casino,Distillery,Dive Bar,Fried Chicken Joint,French Restaurant,Forest,Football Stadium,Food Truck
160,81052,Sandwich Place,Business Service,Tourist Information Center,Movie Theater,Doctor's Office,Gas Station,Thai Restaurant,Café,Train Station,Fast Food Restaurant
161,81058,Restaurant,Diner,Gift Shop,Food Court,Fast Food Restaurant,Financial or Legal Service,Flea Market,Flower Shop,Food,Yoga Studio
162,81073,Motel,American Restaurant,Park,Yoga Studio,Food Service,Financial or Legal Service,Flea Market,Flower Shop,Food,Food Court
163,81077,Convenience Store,Pet Store,Yoga Studio,Farm,French Restaurant,Forest,Football Stadium,Food Truck,Food Service,Food Court
164,81082,Movie Theater,Yoga Studio,Farmers Market,Fried Chicken Joint,French Restaurant,Forest,Football Stadium,Food Truck,Food Service,Food Court
165,81101,Construction & Landscaping,Flower Shop,Yoga Studio,Farm,Fried Chicken Joint,French Restaurant,Forest,Football Stadium,Food Truck,Food Service
166,81144,Garden Center,Farmers Market,Frozen Yogurt Shop,Fried Chicken Joint,French Restaurant,Forest,Football Stadium,Food Truck,Food Service,Food Court
167,81154,Burger Joint,Park,Gift Shop,Campground,Yoga Studio,Fast Food Restaurant,French Restaurant,Forest,Football Stadium,Food Truck
168,81211,Construction & Landscaping,Yoga Studio,Farm,Fried Chicken Joint,French Restaurant,Forest,Football Stadium,Food Truck,Food Service,Food Court
169,81225,Ski Area,Hotel,American Restaurant,Hotel Bar,Arcade,Bar,Yoga Studio,Fast Food Restaurant,Financial or Legal Service,Flea Market
170,81226,Pizza Place,Diner,Brewery,Coffee Shop,Food,Farmers Market,French Restaurant,Forest,Football Stadium,Food Truck
171,81236,Campground,Yoga Studio,Farmers Market,Fried Chicken Joint,French Restaurant,Forest,Football Stadium,Food Truck,Food Service,Food Court
172,81240,American Restaurant,Business Service,Yoga Studio,Fast Food Restaurant,Frozen Yogurt Shop,Fried Chicken Joint,French Restaurant,Forest,Football Stadium,Food Truck
173,81252,Motel,Sandwich Place,Yoga Studio,Farm,French Restaurant,Forest,Football Stadium,Food Truck,Food Service,Food Court
174,81301,Pizza Place,Gym / Fitness Center,Café,Mexican Restaurant,Liquor Store,Yoga Studio,Home Service,French Restaurant,Football Stadium,Food Truck
175,81401,History Museum,Yoga Studio,Farm,Fried Chicken Joint,French Restaurant,Forest,Football Stadium,Food Truck,Food Service,Food Court
176,81413,Ice Cream Shop,Farmers Market,Frozen Yogurt Shop,Fried Chicken Joint,French Restaurant,Forest,Football Stadium,Food Truck,Food Service,Food Court
177,81418,Pizza Place,Dessert Shop,Lake,Antique Shop,Food Court,Financial or Legal Service,Flea Market,Flower Shop,Food,Food Truck
178,81427,Hotel,Scenic Lookout,Trail,Nature Preserve,Park,Flower Shop,Farmers Market,Fast Food Restaurant,Financial or Legal Service,Flea Market
179,81428,Food,Yoga Studio,Farmers Market,Frozen Yogurt Shop,Fried Chicken Joint,French Restaurant,Forest,Football Stadium,Food Truck,Food Service
180,81501,Park,Baseball Stadium,Football Stadium,Athletics & Sports,Food Court,Financial or Legal Service,Flea Market,Flower Shop,Food,Yoga Studio
181,81503,Paper / Office Supplies Store,Yoga Studio,Farm,Fried Chicken Joint,French Restaurant,Forest,Football Stadium,Food Truck,Food Service,Food Court
182,81505,Playground,Park,Baseball Field,Kids Store,Outdoor Sculpture,Tennis Court,Dog Run,Volleyball Court,Food Service,Food Court
183,81506,Hotel,Liquor Store,Motel,Bagel Shop,Pizza Place,Coffee Shop,Salon / Barbershop,Chinese Restaurant,Golf Course,Lounge
184,81520,Art Gallery,Yoga Studio,Farmers Market,Frozen Yogurt Shop,Fried Chicken Joint,French Restaurant,Forest,Football Stadium,Food Truck,Food Service
185,81521,Campground,Yoga Studio,Farmers Market,Fried Chicken Joint,French Restaurant,Forest,Football Stadium,Food Truck,Food Service,Food Court
186,81601,Fast Food Restaurant,Bank,Diner,Hotel,Pizza Place,Thai Restaurant,Coffee Shop,Food,Farmers Market,Financial or Legal Service
187,81611,Park,Accessories Store,Trail,Brewery,Art Gallery,Thai Restaurant,Ski Area,Supermarket,Fast Food Restaurant,Financial or Legal Service
188,81615,Grocery Store,Restaurant,Hotel,Pizza Place,Cosmetics Shop,Sporting Goods Shop,Cajun / Creole Restaurant,Ski Lodge,Liquor Store,Resort
189,81620,Grocery Store,Mexican Restaurant,Pizza Place,Bakery,Sporting Goods Shop,Furniture / Home Store,Sushi Restaurant,Shipping Store,Liquor Store,Sandwich Place
190,81632,Nightlife Spot,Yoga Studio,Farmers Market,Fried Chicken Joint,French Restaurant,Forest,Football Stadium,Food Truck,Food Service,Food Court
191,81639,Historic Site,Yoga Studio,Farm,Fried Chicken Joint,French Restaurant,Forest,Football Stadium,Food Truck,Food Service,Food Court
192,81657,Ski Area,Ski Chairlift,Hotel,American Restaurant,BBQ Joint,Athletics & Sports,Food Court,Financial or Legal Service,Flea Market,Flower Shop
